A Light in the ...,£51.77
Tipping the Velvet,£53.74
Soumission,£50.10
Sharp Objects,£47.82
Sapiens: A Brief History ...,£54.23
The Requiem Red,£22.65
The Dirty Little Secrets ...,£33.34
The Coming Woman: A ...,£17.93
The Boys in the ...,£22.60
The Black Maria,£52.15
Starving Hearts (Triangular Trade ...,£13.99
Shakespeare's Sonnets,£20.66
Set Me Free,£17.46
Scott Pilgrim's Precious Little ...,£52.29
Rip it Up and ...,£35.02
Our Band Could Be ...,£57.25
Olio,£23.88
Mesaerion: The Best Science ...,£37.59
Libertarianism for Beginners,£51.33
It's Only the Himalayas,£45.17
Unicorn Tracks,£18.78
Saga, Volume 6 (Saga ...,£25.02
Princess Between Worlds (Wide-Awake ...,£13.34
Masks and Shadows,£56.40
Crown of Midnight (Throne ...,£43.29
Avatar: The Last Airbender: ...,£28.09
A Court of Thorns ...,£52.37
Throne of Glass (Throne ...,£35.07
The Glittering Court (The ...,£44.28
Hollow City (Miss Peregrine’s ...,£42.98
The Star-Touched Queen,£46.02
The Hidden Oracle (The ...,£52.26
The Bane Chronicles (The ...,£44.73
Island of Dragons (Unwanteds ...,£29.65
Demigods & Magicians: Percy ...,£37.51
City of Glass (The ...,£56.02
Searching for Meaning in ...,£38.73
The Star-Touched Queen,£32.30
A Shard of Ice ...,£56.63
King's Folly (The Kinsman ...,£39.61
